{"model_name": "XGBoostRegressorCV", "model_uid": "e0d69d6a51784403aa898df7372070a5", "training_time": "10:27:13", "training_date": "2023-10-09", "best_params": {"colsample_bytree": 1.0, "max_depth": null, "min_child_weight": 1, "n_estimators": 50, "subsample": 0.8}, "MAE_train": 0.04091571565336652, "MAE_test": 0.5076566367679173, "MAE_valid": 0.4070950624827415, "R2_train": 0.999874777543245, "R2_test": 0.9767503514662411, "R2_valid": 0.901637096821839, "MSE_train": 0.003535157545300242, "MSE_test": 0.5304218215835681, "MSE_valid": 0.9703041849299532, "RMSE_train": 0.05945719086284049, "RMSE_test": 0.7283006395600433, "RMSE_valid": 0.9850401945758118}